"TypeCode","FreqCode","RefPeriodId","RefYear","RefMonth","Period","ReporterCode","ReporterISO","ReporterDesc","FlowCode","FlowDesc","PartnerCode","PartnerISO","PartnerDesc","Partner2Code","Partner2ISO","Partner2Desc","ClassificationCode","ClassificationSearchCode","IsOriginalClassification","CmdCode","CmdDesc","AggrLevel","IsLeaf","CustomsCode","CustomsDesc","MosCode","MotCode","MotDesc","QtyUnitCode","QtyUnitAbbr","Qty","IsQtyEstimated","AltQtyUnitCode","AltQtyUnitAbbr","AtlQty","IsAltQtyEstimated","NetWgt","IsNetWgtEstimated","GrossWgt","IsGrossWgtEstimated","Cifvalue","Fobvalue","PrimaryValue","LegacyEstimationFlag","IsReported","IsAggregate",
"C","A","20220101","2022","52","2022","8","ALB","Albania","X","Export","0","W00","World","0","W00","World","H6","HS","true","TOTAL","All Commodities","0","false","C00","TOTAL CPC","0","0","TOTAL MOT","-1","N/A","0","false","-1","N/A","0","false",,"false","0","false",,"4306234747.242","4306234747.242","0","false","true",
"C","A","20220101","2022","52","2022","20","AND","Andorra","X","Export","0","W00","World","0","W00","World","H6","HS","true","TOTAL","All Commodities","0","false","C00","TOTAL CPC","0","0","TOTAL MOT","-1","N/A","0","false","-1","N/A","0","false","0","true","0","false",,"386142995.678","386142995.678","4","false","true",
"C","A","20220101","2022","52","2022","24","AGO","Angola","X","Export","0","W00","World","0","W00","World","H5","HS","true","TOTAL","All Commodities","0","false","C00","TOTAL CPC","0","0","TOTAL MOT","-1","N/A","0","false","-1","N/A","0","false",,"false","0","false",,"51274951711.647","51274951711.647","0","false","true",
"C","A","20220101","2022","52","2022","31","AZE","Azerbaijan","X","Export","0","W00","World","0","W00","World","H6","HS","true","TOTAL","All Commodities","0","false","C00","TOTAL CPC","0","0","TOTAL MOT","-1","N/A","0","false","-1","N/A","0","false","0","true","0","false",,"38146376263.84","38146376263.84","4","false","true",
"C","A","20220101","2022","52","2022","32","ARG","Argentina","X","Export","0","W00","World","0","W00","World","H5","HS","true","TOTAL","All Commodities","0","false","C00","TOTAL CPC","0","0","TOTAL MOT","-1","N/A","0","false","-1","N/A","0","false","0","true","0","false",,"88445718838.32","88445718838.32","4","false","true",
"C","A","20220101","2022","52","2022","36","AUS","Australia","X","Export","0","W00","World","0","W00","World","H6","HS","true","TOTAL","All Commodities","0","false","C00","TOTAL CPC","0","0","TOTAL MOT","-1","N/A","0","false","-1","N/A","0","false","0","true","0","false","0","410252834479.043","410252834479.043","4","false","true",
"C","A","20220101","2022","52","2022","40","AUT","Austria","X","Export","0","W00","World","0","W00","World","H6","HS","true","TOTAL","All Commodities","0","false","C00","TOTAL CPC","0","0","TOTAL MOT","-1","N/A","0","false","-1","N/A","0","false","0","true","0","false",,"210279458655.133","210279458655.133","4","false","true",
"C","A","20220101","2022","52","2022","48","BHR","Bahrain","X","Export","0","W00","World","0","W00","World","H6","HS","true","TOTAL","All Commodities","0","false","C00","TOTAL CPC","0","0","TOTAL MOT","-1","N/A","0","false","-1","N/A","0","false","0","true","0","false",,"22252183289.268","22252183289.268","4","false","true",
"C","A","20220101","2022","52","2022","51","ARM","Armenia","X","Export","0","W00","World","0","W00","World","H6","HS","true","TOTAL","All Commodities","0","false","C00","TOTAL CPC","0","0","TOTAL MOT","-1","N/A","0","false","-1","N/A","0","false","0","true","0","false","0","5306984160.713","5306984160.713","4","false","true",
"C","A","20220101","2022","52","2022","52","BRB","Barbados","X","Export","0","W00","World","0","W00","World","H5","HS","true","TOTAL","All Commodities","0","false","C00","TOTAL CPC","0","0","TOTAL MOT","-1","N/A","0","false","-1","N/A","0","false","0","true","0","false",,"497818698","497818698","4","false","true",
"C","A","20220101","2022","52","2022","56","BEL","Belgium","X","Export","0","W00","World","0","W00","World","H6","HS","true","TOTAL","All Commodities","0","false","C00","TOTAL CPC","0","0","TOTAL MOT","-1","N/A","0","false","-1","N/A","0","false","0","true","0","false",,"463445550657.522","463445550657.522","4","false","true",
"C","A","20220101","2022","52","2022","60","BMU","Bermuda","X","Export","0","W00","World","0","W00","World","H6","HS","true","TOTAL","All Commodities","0","false","C00","TOTAL CPC","0","0","TOTAL MOT","-1","N/A","0","false","-1","N/A","0","false",,"false","0","false",,"33526784.43","33526784.43","0","false","true",
"C","A","20220101","2022","52","2022","68","BOL","Bolivia (Plurinational State of)","X","Export","0","W00","World","0","W00","World","H6","HS","true","TOTAL","All Commodities","0","false","C00","TOTAL CPC","0","0","TOTAL MOT","-1","N/A","0","false","-1","N/A","0","false","0","true","0","false",,"13652812870.04","13652812870.04","4","false","true",
"C","A","20220101","2022","52","2022","70","BIH","Bosnia Herzegovina","X","Export","0","W00","World","0","W00","World","H6","HS","true","TOTAL","All Commodities","0","false","C00","TOTAL CPC","0","0","TOTAL MOT","-1","N/A","0","false","-1","N/A","0","false","0","true","0","false",,"9678152369.771","9678152369.771","4","false","true",
"C","A","20220101","2022","52","2022","72","BWA","Botswana","X","Export","0","W00","World","0","W00","World","H6","HS","true","TOTAL","All Commodities","0","false","C00","TOTAL CPC","0","0","TOTAL MOT","-1","N/A","0","false","-1","N/A","0","false","0","true","0","false",,"8277084077.278","8277084077.278","4","false","true",
"C","A","20220101","2022","52","2022","76","BRA","Brazil","X","Export","0","W00","World","0","W00","World","H6","HS","true","TOTAL","All Commodities","0","false","C00","TOTAL CPC","0","0","TOTAL MOT","-1","N/A","0","false","-1","N/A","0","false","0","true","0","false","0","334463079195","334463079195","4","false","true",
"C","A","20220101","2022","52","2022","84","BLZ","Belize","X","Export","0","W00","World","0","W00","World","H5","HS","true","TOTAL","All Commodities","0","false","C00","TOTAL CPC","0","0","TOTAL MOT","-1","N/A","0","false","-1","N/A","0","false","0","true","0","false",,"286430399.171","286430399.171","4","false","true",
"C","A","20220101","2022","52","2022","96","BRN","Brunei Darussalam","X","Export","0","W00","World","0","W00","World","H5","HS","true","TOTAL","All Commodities","0","false","C00","TOTAL CPC","0","0","TOTAL MOT","-1","N/A","0","false","-1","N/A","0","false","0","true","0","false",,"14230238311.502","14230238311.502","4","false","true",
"C","A","20220101","2022","52","2022","100","BGR","Bulgaria","X","Export","0","W00","World","0","W00","World","H6","HS","true","TOTAL","All Commodities","0","false","C00","TOTAL CPC","0","0","TOTAL MOT","-1","N/A","0","false","-1","N/A","0","false",,"false","0","false",,"50250282857.552","50250282857.552","0","false","true",
"C","A","20220101","2022","52","2022","104","MMR","Myanmar","X","Export","0","W00","World","0","W00","World","H6","HS","true","TOTAL","All Commodities","0","false","C00","TOTAL CPC","0","0","TOTAL MOT","-1","N/A","0","false","-1","N/A","0","false",,"false","0","false",,"17084512845.16","17084512845.16","0","false","true",
"C","A","20220101","2022","52","2022","108","BDI","Burundi","X","Export","0","W00","World","0","W00","World","H6","HS","true","TOTAL","All Commodities","0","false","C00","TOTAL CPC","0","0","TOTAL MOT","-1","N/A","0","false","-1","N/A","0","false","0","true","0","false",,"207868668.533","207868668.533","4","false","true",
"C","A","20220101","2022","52","2022","124","CAN","Canada","X","Export","0","W00","World","0","W00","World","H6","HS","true","TOTAL","All Commodities","0","false","C00","TOTAL CPC","0","0","TOTAL MOT","-1","N/A","0","false","-1","N/A","0","false",,"false","0","false",,"596105194748.055","596105194748.055","0","false","true",
"C","A","20220101","2022","52","2022","144","LKA","Sri Lanka","X","Export","0","W00","World","0","W00","World","H5","HS","true","TOTAL","All Commodities","0","false","C00","TOTAL CPC","0","0","TOTAL MOT","-1","N/A","0","false","-1","N/A","0","false","0","false","0","false","0","13592124433.48","13592124433.48","0","false","true",
"C","A","20220101","2022","52","2022","152","CHL","Chile","X","Export","0","W00","World","0","W00","World","H6","HS","true","TOTAL","All Commodities","0","false","C00","TOTAL CPC","0","0","TOTAL MOT","-1","N/A","0","false","-1","N/A","0","false","0","true","0","false",,"97490909436.569","97490909436.569","4","false","true",
"C","A","20220101","2022","52","2022","156","CHN","China","X","Export","0","W00","World","0","W00","World","H6","HS","true","TOTAL","All Commodities","0","false","C00","TOTAL CPC","0","0","TOTAL MOT","-1","N/A","0","false","-1","N/A","0","false","0","true","0","false",,"3593601435602","3593601435602","4","false","true",
"C","A","20220101","2022","52","2022","191","HRV","Croatia","X","Export","0","W00","World","0","W00","World","H6","HS","true","TOTAL","All Commodities","0","false","C00","TOTAL CPC","0","0","TOTAL MOT","-1","N/A","0","false","-1","N/A","0","false","0","true","0","false",,"25383044646","25383044646","4","false","true",
"C","A","20220101","2022","52","2022","196","CYP","Cyprus","X","Export","0","W00","World","0","W00","World","H6","HS","true","TOTAL","All Commodities","0","false","C00","TOTAL CPC","0","0","TOTAL MOT","-1","N/A","0","false","-1","N/A","0","false",,"false","0","false",,"4411253801.017","4411253801.017","0","false","true",
"C","A","20220101","2022","52","2022","203","CZE","Czechia","X","Export","0","W00","World","0","W00","World","H6","HS","true","TOTAL","All Commodities","0","false","C00","TOTAL CPC","0","0","TOTAL MOT","-1","N/A","0","false","-1","N/A","0","false",,"false","0","false",,"241132361759","241132361759","0","false","true",
"C","A","20220101","2022","52","2022","204","BEN","Benin","X","Export","0","W00","World","0","W00","World","H6","HS","true","TOTAL","All Commodities","0","false","C00","TOTAL CPC","0","0","TOTAL MOT","-1","N/A","0","false","-1","N/A","0","false","0","true","0","false",,"894831143.246","894831143.246","4","false","true",
"C","A","20220101","2022","52","2022","208","DNK","Denmark","X","Export","0","W00","World","0","W00","World","H6","HS","true","TOTAL","All Commodities","0","false","C00","TOTAL CPC","0","0","TOTAL MOT","-1","N/A","0","false","-1","N/A","0","false","0","true","0","false",,"129059445783.063","129059445783.063","4","false","true",
"C","A","20220101","2022","52","2022","214","DOM","Dominican Rep.","X","Export","0","W00","World","0","W00","World","H5","HS","true","TOTAL","All Commodities","0","false","C00","TOTAL CPC","0","0","TOTAL MOT","-1","N/A","0","false","-1","N/A","0","false","0","true","0","false",,"9836347238.656","9836347238.656","4","false","true",
"C","A","20220101","2022","52","2022","222","SLV","El Salvador","X","Export","0","W00","World","0","W00","World","H6","HS","true","TOTAL","All Commodities","0","false","C00","TOTAL CPC","0","0","TOTAL MOT","-1","N/A","0","false","-1","N/A","0","false","0","true","0","false","0","7115105243.68","7115105243.68","4","false","true",
"C","A","20220101","2022","52","2022","233","EST","Estonia","X","Export","0","W00","World","0","W00","World","H6","HS","true","TOTAL","All Commodities","0","false","C00","TOTAL CPC","0","0","TOTAL MOT","-1","N/A","0","false","-1","N/A","0","false","0","true","0","false",,"23145641023.93","23145641023.93","4","false","true",
"C","A","20220101","2022","52","2022","242","FJI","Fiji","X","Export","0","W00","World","0","W00","World","H6","HS","true","TOTAL","All Commodities","0","false","C00","TOTAL CPC","0","0","TOTAL MOT","-1","N/A","0","false","-1","N/A","0","false","0","true","0","false",,"1055229207.466","1055229207.466","4","false","true",
"C","A","20220101","2022","52","2022","246","FIN","Finland","X","Export","0","W00","World","0","W00","World","H6","HS","true","TOTAL","All Commodities","0","false","C00","TOTAL CPC","0","0","TOTAL MOT","-1","N/A","0","false","-1","N/A","0","false",,"false","0","false",,"86062130508.175","86062130508.175","0","false","true",
"C","A","20220101","2022","52","2022","251","FRA","France","X","Export","0","W00","World","0","W00","World","H6","HS","true","TOTAL","All Commodities","0","false","C00","TOTAL CPC","0","0","TOTAL MOT","-1","N/A","0","false","-1","N/A","0","false","0","true","0","false",,"618298750164.703","618298750164.703","4","false","true",
"C","A","20220101","2022","52","2022","258","PYF","French Polynesia","X","Export","0","W00","World","0","W00","World","H5","HS","true","TOTAL","All Commodities","0","false","C00","TOTAL CPC","0","0","TOTAL MOT","-1","N/A","0","false","-1","N/A","0","false","0","true","0","false",,"146444418.272","146444418.272","4","false","true",
"C","A","20220101","2022","52","2022","268","GEO","Georgia","X","Export","0","W00","World","0","W00","World","H5","HS","true","TOTAL","All Commodities","0","false","C00","TOTAL CPC","0","0","TOTAL MOT","-1","N/A","0","false","-1","N/A","0","false",,"false","0","false",,"5583425393.76","5583425393.76","0","false","true",
"C","A","20220101","2022","52","2022","276","DEU","Germany","X","Export","0","W00","World","0","W00","World","H6","HS","true","TOTAL","All Commodities","0","false","C00","TOTAL CPC","0","0","TOTAL MOT","-1","N/A","0","false","-1","N/A","0","false","0","false","0","false","0","1665635727053.583","1665635727053.583","0","false","true",
"C","A","20220101","2022","52","2022","300","GRC","Greece","X","Export","0","W00","World","0","W00","World","H6","HS","true","TOTAL","All Commodities","0","false","C00","TOTAL CPC","0","0","TOTAL MOT","-1","N/A","0","false","-1","N/A","0","false","0","true","0","false","0","57568024971.028","57568024971.028","4","false","true",
"C","A","20220101","2022","52","2022","308","GRD","Grenada","X","Export","0","W00","World","0","W00","World","H4","HS","true","TOTAL","All Commodities","0","false","C00","TOTAL CPC","0","0","TOTAL MOT","-1","N/A","0","false","-1","N/A","0","false","0","false","0","false","0","37472239.963","37472239.963","0","false","true",
"C","A","20220101","2022","52","2022","320","GTM","Guatemala","X","Export","0","W00","World","0","W00","World","H6","HS","true","TOTAL","All Commodities","0","false","C00","TOTAL CPC","0","0","TOTAL MOT","-1","N/A","0","false","-1","N/A","0","false","0","true","0","false",,"15806152176","15806152176","4","false","true",
"C","A","20220101","2022","52","2022","328","GUY","Guyana","X","Export","0","W00","World","0","W00","World","H5","HS","true","TOTAL","All Commodities","0","false","C00","TOTAL CPC","0","0","TOTAL MOT","-1","N/A","0","false","-1","N/A","0","false","0","true","0","false",,"7892613382.809","7892613382.809","4","false","true",
"C","A","20220101","2022","52","2022","344","HKG","China, Hong Kong SAR","X","Export","0","W00","World","0","W00","World","H6","HS","true","TOTAL","All Commodities","0","false","C00","TOTAL CPC","0","0","TOTAL MOT","-1","N/A","0","false","-1","N/A","0","false","0","true","0","false",,"610138354261.109","610138354261.109","4","false","true",
"C","A","20220101","2022","52","2022","348","HUN","Hungary","X","Export","0","W00","World","0","W00","World","H6","HS","true","TOTAL","All Commodities","0","false","C00","TOTAL CPC","0","0","TOTAL MOT","-1","N/A","0","false","-1","N/A","0","false","0","true","0","false",,"149580878521","149580878521","4","false","true",
"C","A","20220101","2022","52","2022","352","ISL","Iceland","X","Export","0","W00","World","0","W00","World","H6","HS","true","TOTAL","All Commodities","0","false","C00","TOTAL CPC","0","0","TOTAL MOT","-1","N/A","0","false","-1","N/A","0","false","0","true","0","false",,"7403797369.088","7403797369.088","4","false","true",
"C","A","20220101","2022","52","2022","372","IRL","Ireland","X","Export","0","W00","World","0","W00","World","H6","HS","true","TOTAL","All Commodities","0","false","C00","TOTAL CPC","0","0","TOTAL MOT","-1","N/A","0","false","-1","N/A","0","false","0","true","0","false",,"219304151641.514","219304151641.514","4","false","true",
"C","A","20220101","2022","52","2022","376","ISR","Israel","X","Export","0","W00","World","0","W00","World","H6","HS","true","TOTAL","All Commodities","0","false","C00","TOTAL CPC","0","0","TOTAL MOT","-1","N/A","0","false","-1","N/A","0","false","0","false","0","false","0","73583359000","73583359000","0","false","true",
"C","A","20220101","2022","52","2022","380","ITA","Italy","X","Export","0","W00","World","0","W00","World","H6","HS","true","TOTAL","All Commodities","0","false","C00","TOTAL CPC","0","0","TOTAL MOT","-1","N/A","0","false","-1","N/A","0","false","0","true","0","false",,"700314893411.55","700314893411.55","4","false","true",
"C","A","20220101","2022","52","2022","392","JPN","Japan","X","Export","0","W00","World","0","W00","World","H6","HS","true","TOTAL","All Commodities","0","false","C00","TOTAL CPC","0","0","TOTAL MOT","-1","N/A","0","false","-1","N/A","0","false","0","true","0","false","0","746672096581.525","746672096581.525","4","false","true",
"C","A","20220101","2022","52","2022","398","KAZ","Kazakhstan","X","Export","0","W00","World","0","W00","World","H6","HS","true","TOTAL","All Commodities","0","false","C00","TOTAL CPC","0","0","TOTAL MOT","-1","N/A","0","false","-1","N/A","0","false",,"false","0","false",,"84391615064.95","84391615064.95","0","false","true",
"C","A","20220101","2022","52","2022","400","JOR","Jordan","X","Export","0","W00","World","0","W00","World","H6","HS","true","TOTAL","All Commodities","0","false","C00","TOTAL CPC","0","0","TOTAL MOT","-1","N/A","0","false","-1","N/A","0","false",,"false","0","false",,"8789819997.14","8789819997.14","0","false","true",
"C","A","20220101","2022","52","2022","410","KOR","Rep. of Korea","X","Export","0","W00","World","0","W00","World","H6","HS","true","TOTAL","All Commodities","0","false","C00","TOTAL CPC","0","0","TOTAL MOT","-1","N/A","0","false","-1","N/A","0","false","0","true","0","false",,"683550925677","683550925677","4","false","true",
"C","A","20220101","2022","52","2022","417","KGZ","Kyrgyzstan","X","Export","0","W00","World","0","W00","World","H6","HS","true","TOTAL","All Commodities","0","false","C00","TOTAL CPC","0","0","TOTAL MOT","-1","N/A","0","false","-1","N/A","0","false",,"false","0","false",,"2186720835","2186720835","0","false","true",
"C","A","20220101","2022","52","2022","422","LBN","Lebanon","X","Export","0","W00","World","0","W00","World","H5","HS","true","TOTAL","All Commodities","0","false","C00","TOTAL CPC","0","0","TOTAL MOT","-1","N/A","0","false","-1","N/A","0","false","0","true","0","false",,"3862245374","3862245374","4","false","true",
"C","A","20220101","2022","52","2022","428","LVA","Latvia","X","Export","0","W00","World","0","W00","World","H6","HS","true","TOTAL","All Commodities","0","false","C00","TOTAL CPC","0","0","TOTAL MOT","-1","N/A","0","false","-1","N/A","0","false",,"false","0","false",,"22525578391.12","22525578391.12","0","false","true",
"C","A","20220101","2022","52","2022","440","LTU","Lithuania","X","Export","0","W00","World","0","W00","World","H6","HS","true","TOTAL","All Commodities","0","false","C00","TOTAL CPC","0","0","TOTAL MOT","-1","N/A","0","false","-1","N/A","0","false","0","true","0","false",,"46501899036","46501899036","4","false","true",
"C","A","20220101","2022","52","2022","442","LUX","Luxembourg","X","Export","0","W00","World","0","W00","World","H6","HS","true","TOTAL","All Commodities","0","false","C00","TOTAL CPC","0","0","TOTAL MOT","-1","N/A","0","false","-1","N/A","0","false",,"false","0","false",,"16809679100.736","16809679100.736","0","false","true",
"C","A","20220101","2022","52","2022","446","MAC","China, Macao SAR","X","Export","0","W00","World","0","W00","World","H6","HS","true","TOTAL","All Commodities","0","false","C00","TOTAL CPC","0","0","TOTAL MOT","-1","N/A","0","false","-1","N/A","0","false","0","true","0","false",,"1366737776.836","1366737776.836","4","false","true",
"C","A","20220101","2022","52","2022","470","MLT","Malta","X","Export","0","W00","World","0","W00","World","H6","HS","true","TOTAL","All Commodities","0","false","C00","TOTAL CPC","0","0","TOTAL MOT","-1","N/A","0","false","-1","N/A","0","false",,"false","0","false",,"3257370045.587","3257370045.587","0","false","true",
"C","A","20220101","2022","52","2022","480","MUS","Mauritius","X","Export","0","W00","World","0","W00","World","H6","HS","true","TOTAL","All Commodities","0","false","C00","TOTAL CPC","0","0","TOTAL MOT","-1","N/A","0","false","-1","N/A","0","false","0","true","0","false",,"1880596453.971","1880596453.971","4","false","true",
"C","A","20220101","2022","52","2022","484","MEX","Mexico","X","Export","0","W00","World","0","W00","World","H6","HS","true","TOTAL","All Commodities","0","false","C00","TOTAL CPC","0","0","TOTAL MOT","-1","N/A","0","false","-1","N/A","0","false","0","true","0","false",,"578281629469","578281629469","4","false","true",
"C","A","20220101","2022","52","2022","498","MDA","Rep. of Moldova","X","Export","0","W00","World","0","W00","World","H5","HS","true","TOTAL","All Commodities","0","false","C00","TOTAL CPC","0","0","TOTAL MOT","-1","N/A","0","false","-1","N/A","0","false","0","true","0","false",,"4332145453","4332145453","4","false","true",
"C","A","20220101","2022","52","2022","499","MNE","Montenegro","X","Export","0","W00","World","0","W00","World","H6","HS","true","TOTAL","All Commodities","0","false","C00","TOTAL CPC","0","0","TOTAL MOT","-1","N/A","0","false","-1","N/A","0","false",,"false","0","false",,"736364127.167","736364127.167","0","false","true",
"C","A","20220101","2022","52","2022","500","MSR","Montserrat","X","Export","0","W00","World","0","W00","World","H5","HS","true","TOTAL","All Commodities","0","false","C00","TOTAL CPC","0","0","TOTAL MOT","-1","N/A","0","false","-1","N/A","0","false","0","false","0","false",,"6645359.367","6645359.367","0","false","true",
"C","A","20220101","2022","52","2022","504","MAR","Morocco","X","Export","0","W00","World","0","W00","World","H6","HS","true","TOTAL","All Commodities","0","false","C00","TOTAL CPC","0","0","TOTAL MOT","-1","N/A","0","false","-1","N/A","0","false","0","true","0","false",,"42183470731.255","42183470731.255","4","false","true",
"C","A","20220101","2022","52","2022","508","MOZ","Mozambique","X","Export","0","W00","World","0","W00","World","H5","HS","true","TOTAL","All Commodities","0","false","C00","TOTAL CPC","0","0","TOTAL MOT","-1","N/A","0","false","-1","N/A","0","false",,"false","0","false",,"8264974000","8264974000","0","false","true",
"C","A","20220101","2022","52","2022","516","NAM","Namibia","X","Export","0","W00","World","0","W00","World","H6","HS","true","TOTAL","All Commodities","0","false","C00","TOTAL CPC","0","0","TOTAL MOT","-1","N/A","0","false","-1","N/A","0","false","0","true","0","false",,"6338931915.609","6338931915.609","4","false","true",
"C","A","20220101","2022","52","2022","528","NLD","Netherlands","X","Export","0","W00","World","0","W00","World","H6","HS","true","TOTAL","All Commodities","0","false","C00","TOTAL CPC","0","0","TOTAL MOT","-1","N/A","0","false","-1","N/A","0","false","0","true","0","false",,"770306572138.783","770306572138.783","4","false","true",
"C","A","20220101","2022","52","2022","554","NZL","New Zealand","X","Export","0","W00","World","0","W00","World","H6","HS","true","TOTAL","All Commodities","0","false","C00","TOTAL CPC","0","0","TOTAL MOT","-1","N/A","0","false","-1","N/A","0","false",,"false","0","false",,"45615082795.356","45615082795.356","0","false","true",
"C","A","20220101","2022","52","2022","558","NIC","Nicaragua","X","Export","0","W00","World","0","W00","World","H6","HS","true","TOTAL","All Commodities","0","false","C00","TOTAL CPC","0","0","TOTAL MOT","-1","N/A","0","false","-1","N/A","0","false","0","true","0","false",,"7359828800.95","7359828800.95","4","false","true",
"C","A","20220101","2022","52","2022","562","NER","Niger","X","Export","0","W00","World","0","W00","World","H6","HS","true","TOTAL","All Commodities","0","false","C00","TOTAL CPC","0","0","TOTAL MOT","-1","N/A","0","false","-1","N/A","0","false","0","true","0","false",,"423349061.682","423349061.682","4","false","true",
"C","A","20220101","2022","52","2022","579","NOR","Norway","X","Export","0","W00","World","0","W00","World","H6","HS","true","TOTAL","All Commodities","0","false","C00","TOTAL CPC","0","0","TOTAL MOT","-1","N/A","0","false","-1","N/A","0","false","0","true","0","false",,"273733529004.365","273733529004.365","4","false","true",
"C","A","20220101","2022","52","2022","591","PAN","Panama","X","Export","0","W00","World","0","W00","World","H6","HS","true","TOTAL","All Commodities","0","false","C00","TOTAL CPC","0","0","TOTAL MOT","-1","N/A","0","false","-1","N/A","0","false","0","false","0","false",,"3652153568","3652153568","0","false","true",
"C","A","20220101","2022","52","2022","600","PRY","Paraguay","X","Export","0","W00","World","0","W00","World","H6","HS","true","TOTAL","All Commodities","0","false","C00","TOTAL CPC","0","0","TOTAL MOT","-1","N/A","0","false","-1","N/A","0","false","0","true","0","false",,"9948328461","9948328461","4","false","true",
"C","A","20220101","2022","52","2022","608","PHL","Philippines","X","Export","0","W00","World","0","W00","World","H5","HS","true","TOTAL","All Commodities","0","false","C00","TOTAL CPC","0","0","TOTAL MOT","-1","N/A","0","false","-1","N/A","0","false",,"false","0","false",,"78928518085","78928518085","0","false","true",
"C","A","20220101","2022","52","2022","616","POL","Poland","X","Export","0","W00","World","0","W00","World","H6","HS","true","TOTAL","All Commodities","0","false","C00","TOTAL CPC","0","0","TOTAL MOT","-1","N/A","0","false","-1","N/A","0","false","0","true","0","false","0","342844657641","342844657641","4","false","true",
"C","A","20220101","2022","52","2022","620","PRT","Portugal","X","Export","0","W00","World","0","W00","World","H6","HS","true","TOTAL","All Commodities","0","false","C00","TOTAL CPC","0","0","TOTAL MOT","-1","N/A","0","false","-1","N/A","0","false","0","true","0","false",,"82559524451.56","82559524451.56","4","false","true",
"C","A","20220101","2022","52","2022","634","QAT","Qatar","X","Export","0","W00","World","0","W00","World","H6","HS","true","TOTAL","All Commodities","0","false","C00","TOTAL CPC","0","0","TOTAL MOT","-1","N/A","0","false","-1","N/A","0","false","0","true","0","false",,"130964472574.266","130964472574.266","4","false","true",
"C","A","20220101","2022","52","2022","642","ROU","Romania","X","Export","0","W00","World","0","W00","World","H6","HS","true","TOTAL","All Commodities","0","false","C00","TOTAL CPC","0","0","TOTAL MOT","-1","N/A","0","false","-1","N/A","0","false",,"false","0","false",,"96829601670.3","96829601670.3","0","false","true",
"C","A","20220101","2022","52","2022","646","RWA","Rwanda","X","Export","0","W00","World","0","W00","World","H4","HS","true","TOTAL","All Commodities","0","false","C00","TOTAL CPC","0","0","TOTAL MOT","-1","N/A","0","false","-1","N/A","0","false","0","true","0","false","0","2019269801.94","2019269801.94","4","false","true",
"C","A","20220101","2022","52","2022","678","STP","Sao Tome and Principe","X","Export","0","W00","World","0","W00","World","H3","HS","true","TOTAL","All Commodities","0","false","C00","TOTAL CPC","0","0","TOTAL MOT","-1","N/A","0","false","-1","N/A","0","false","0","true","0","false",,"22588961.006","22588961.006","4","false","true",
"C","A","20220101","2022","52","2022","688","SRB","Serbia","X","Export","0","W00","World","0","W00","World","H6","HS","true","TOTAL","All Commodities","0","false","C00","TOTAL CPC","0","0","TOTAL MOT","-1","N/A","0","false","-1","N/A","0","false",,"false","0","false",,"29059511715","29059511715","0","false","true",
"C","A","20220101","2022","52","2022","699","IND","India","X","Export","0","W00","World","0","W00","World","H6","HS","true","TOTAL","All Commodities","0","false","C00","TOTAL CPC","0","0","TOTAL MOT","-1","N/A","0","false","-1","N/A","0","false","0","true","0","false",,"452684213646.747","452684213646.747","4","false","true",
"C","A","20220101","2022","52","2022","702","SGP","Singapore","X","Export","0","W00","World","0","W00","World","H6","HS","true","TOTAL","All Commodities","0","false","C00","TOTAL CPC","0","0","TOTAL MOT","-1","N/A","0","false","-1","N/A","0","false","0","true","0","false",,"514966127005.217","514966127005.217","4","false","true",
"C","A","20220101","2022","52","2022","703","SVK","Slovakia","X","Export","0","W00","World","0","W00","World","H6","HS","true","TOTAL","All Commodities","0","false","C00","TOTAL CPC","0","0","TOTAL MOT","-1","N/A","0","false","-1","N/A","0","false",,"false","0","false",,"108012832252.656","108012832252.656","0","false","true",
"C","A","20220101","2022","52","2022","705","SVN","Slovenia","X","Export","0","W00","World","0","W00","World","H6","HS","true","TOTAL","All Commodities","0","false","C00","TOTAL CPC","0","0","TOTAL MOT","-1","N/A","0","false","-1","N/A","0","false",,"false","0","false",,"55478922372.081","55478922372.081","0","false","true",
"C","A","20220101","2022","52","2022","710","ZAF","South Africa","X","Export","0","W00","World","0","W00","World","H6","HS","true","TOTAL","All Commodities","0","false","C00","TOTAL CPC","0","0","TOTAL MOT","-1","N/A","0","false","-1","N/A","0","false","0","false","0","false","0","121616282067.877","121616282067.877","0","false","true",
"C","A","20220101","2022","52","2022","716","ZWE","Zimbabwe","X","Export","0","W00","World","0","W00","World","H5","HS","true","TOTAL","All Commodities","0","false","C00","TOTAL CPC","0","0","TOTAL MOT","-1","N/A","0","false","-1","N/A","0","false",,"false","0","false",,"6586208373.065","6586208373.065","0","false","true",
"C","A","20220101","2022","52","2022","724","ESP","Spain","X","Export","0","W00","World","0","W00","World","H6","HS","true","TOTAL","All Commodities","0","false","C00","TOTAL CPC","0","0","TOTAL MOT","-1","N/A","0","false","-1","N/A","0","false","0","true","0","false",,"424286054809.902","424286054809.902","4","false","true",
"C","A","20220101","2022","52","2022","740","SUR","Suriname","X","Export","0","W00","World","0","W00","World","H3","HS","true","TOTAL","All Commodities","0","false","C00","TOTAL CPC","0","0","TOTAL MOT","-1","N/A","0","false","-1","N/A","0","false","0","true","0","false","0","2579355177.68","2579355177.68","4","false","true",
"C","A","20220101","2022","52","2022","752","SWE","Sweden","X","Export","0","W00","World","0","W00","World","H6","HS","true","TOTAL","All Commodities","0","false","C00","TOTAL CPC","0","0","TOTAL MOT","-1","N/A","0","false","-1","N/A","0","false",,"false","0","false",,"197574754072.741","197574754072.741","0","false","true",
"C","A","20220101","2022","52","2022","757","CHE","Switzerland","X","Export","0","W00","World","0","W00","World","H6","HS","true","TOTAL","All Commodities","0","false","C00","TOTAL CPC","0","0","TOTAL MOT","-1","N/A","0","false","-1","N/A","0","false",,"false","0","false",,"400057174592.488","400057174592.488","0","false","true",
"C","A","20220101","2022","52","2022","768","TGO","Togo","X","Export","0","W00","World","0","W00","World","H5","HS","true","TOTAL","All Commodities","0","false","C00","TOTAL CPC","0","0","TOTAL MOT","-1","N/A","0","false","-1","N/A","0","false","0","true","0","false",,"1347526089.718","1347526089.718","4","false","true",
"C","A","20220101","2022","52","2022","792","TUR","Türkiye","X","Export","0","W00","World","0","W00","World","H6","HS","true","TOTAL","All Commodities","0","false","C00","TOTAL CPC","0","0","TOTAL MOT","-1","N/A","0","false","-1","N/A","0","false",,"false","0","false",,"254201009047","254201009047","0","false","true",
"C","A","20220101","2022","52","2022","804","UKR","Ukraine","X","Export","0","W00","World","0","W00","World","H5","HS","true","TOTAL","All Commodities","0","false","C00","TOTAL CPC","0","0","TOTAL MOT","-1","N/A","0","false","-1","N/A","0","false",,"false","0","false",,"44443200593.62","44443200593.62","0","false","true",
"C","A","20220101","2022","52","2022","807","MKD","North Macedonia","X","Export","0","W00","World","0","W00","World","H6","HS","true","TOTAL","All Commodities","0","false","C00","TOTAL CPC","0","0","TOTAL MOT","-1","N/A","0","false","-1","N/A","0","false","0","false","0","false","0","8729355719.18","8729355719.18","0","false","true",
"C","A","20220101","2022","52","2022","818","EGY","Egypt","X","Export","0","W00","World","0","W00","World","H6","HS","true","TOTAL","All Commodities","0","false","C00","TOTAL CPC","0","0","TOTAL MOT","-1","N/A","0","false","-1","N/A","0","false","0","true","0","false",,"48148651112.497","48148651112.497","4","false","true",
"C","A","20220101","2022","52","2022","826","GBR","United Kingdom","X","Export","0","W00","World","0","W00","World","H6","HS","true","TOTAL","All Commodities","0","false","C00","TOTAL CPC","0","0","TOTAL MOT","-1","N/A","0","false","-1","N/A","0","false","0","true","0","false",,"532338171722.819","532338171722.819","4","false","true",
"C","A","20220101","2022","52","2022","834","TZA","United Rep. of Tanzania","X","Export","0","W00","World","0","W00","World","H6","HS","true","TOTAL","All Commodities","0","false","C00","TOTAL CPC","0","0","TOTAL MOT","-1","N/A","0","false","-1","N/A","0","false","0","true","0","false",,"6824846110.904","6824846110.904","4","false","true",
"C","A","20220101","2022","52","2022","842","USA","USA","X","Export","0","W00","World","0","W00","World","H6","HS","true","TOTAL","All Commodities","0","false","C00","TOTAL CPC","0","0","TOTAL MOT","-1","N/A","0","false","-1","N/A","0","false","0","true","0","false",,"2062089832731","2062089832731","4","false","true",
"C","A","20220101","2022","52","2022","858","URY","Uruguay","X","Export","0","W00","World","0","W00","World","H6","HS","true","TOTAL","All Commodities","0","false","C00","TOTAL CPC","0","0","TOTAL MOT","-1","N/A","0","false","-1","N/A","0","false","0","true","0","false",,"11189987594","11189987594","4","false","true",
"C","A","20220101","2022","52","2022","860","UZB","Uzbekistan","X","Export","0","W00","World","0","W00","World","H5","HS","true","TOTAL","All Commodities","0","false","C00","TOTAL CPC","0","0","TOTAL MOT","-1","N/A","0","false","-1","N/A","0","false","0","false","0","false","0","15286928437.648","15286928437.648","0","false","true",
